{
  "ProgMid1": [
	{ "titre": "gainage",
		"url": "http://imworld.aufeminin.com/story/20160118/-848292_w1000.jpg",
		"urlDef":"http://entrainement-sportif.fr/programme-musculation-abdominaux-debutant.pdf",
		"categorie": "mid",
		"difficulte":"easy"
	}
],"ProgMid2": [
	{ "titre": "classic",
		"url":"http://www.formeathletique.com/wp-content/uploads/2016/02/exercice-abdominaux2.jpg",
		"urlDef":"http://entrainement-sportif.fr/programme-musculation-abdominaux-debutant.pdf",
		"categorie": "mid",
		"difficulte":"hard"
	}
],"ProgTop1": [
			{ "titre": "pompe",
				"url":"http://www.salto-arriere.fr/wp-content/uploads/2012/09/mouvementpompes.jpg",
				"urlDef":"http://entrainement-sportif.fr/exercices-de-musculation-avec-halteres.pdf",
				"categorie": "top",
				"difficulte":"easy"
			}],
"ProgTop2": [
				{ "titre": "traction",
					"url":"http://www.ultimeathlete.com/wp-content/uploads/2013/11/t%C3%A9l%C3%A9chargement-1.jpg",
					"urlDef":"http://entrainement-sportif.fr/exercices-de-musculation-avec-halteres.pdf",
					"categorie": "top",
					"difficulte":"hard"
				}],
  "ProgBot1": [
    {
      "titre": "ciseau",
      "url": "https://s-media-cache-ak0.pinimg.com/originals/92/86/f8/9286f8e6ce07e10ab0b8b20a2270573e.jpg",
      "urlDef": "http://www.templiers-nandrin.be/wp-content/uploads/2016/06/Programme-de-Preparation-Physique-Generale-Individuelle.pdf",
      "categorie": "bot",
      "difficulte": "easy"
    }
  ],
  "ProgBot2": [
					{ "titre": "flexion",
						"url":"http://swagactu.com/wp-content/uploads/2015/07/297875628433797.png",
						"urlDef":"http://www.templiers-nandrin.be/wp-content/uploads/2016/06/Programme-de-Preparation-Physique-Generale-Individuelle.pdf",
						"categorie": "bot",
						"difficulte":"hard"
					}
					]
}
