[
 { "id": "1",
   "titre":"You should eat at least 5 fruits/vegetables a day",
   "url":"http://www.mangerbouger.fr/var/inpes_site/storage/images/les-9-reperes/les-9-reperes-a-la-loupe/fruits-et-legumes/42065-1-fre-FR/Fruits-et-Legumes.jpg",
   "urlDef":"http://www.mangerbouger.fr/Les-9-reperes/Les-9-reperes-a-la-loupe/Fruits-et-Legumes"
 }
,    { "id": "2",
    "titre":"Get off the bus one stop earlier to go to work and walk a bit.",
   "url":"http://amelioretasante.com/wp-content/uploads/2013/11/caminar-500x325-500x325.jpg",
   "urlDef":"http://amelioretasante.com/les-bienfaits-de-la-marche-a-pied-au-quotidien/"
   }
,     { "id": "3",
       "titre":"Feeling hungry ?",
   "url":"http://www.bioalaune.com/sites/default/files/styles/actus_bio_detail/public/gouter_equilibre_10_idees_den-cas_a_deguster_lesprit_leger.jpg?itok=9VhA1IR5",
   "urlDef":"http://www.bioalaune.com/fr/actualite-bio/13566/gouter-equilibre-10-idees-den-cas-grignoter-lesprit-leger"
     }
 ,      { "id": "4",
   "titre": "Take some time to have a break and breathe some fresh air",
   "url":"https://mathieucalleja.files.wordpress.com/2012/09/balade-sonore2.jpg",
   "urlDef":"https://lavitaliteverte.com/2013/11/30/ce-bon-bol-dair-frais/"
       }
]
